Zone,Tide,Site,Season,Measured_Variable,Values,mean(Values)
Ambient,High,BP,FALL,NN,0.11,0.11
Ambient,High,BP,FALL,NN,0.12,0.12
Ambient,High,BP,FALL,NN,0.13,0.13
Ambient,High,BP,FALL,NN,0.36,0.36
Ambient,High,BP,FALL,Phosphate,0.1,0.1
Ambient,High,BP,FALL,Phosphate,0.11,0.11
Ambient,High,BP,FALL,Phosphate,0.12,0.12
Ambient,High,BP,FALL,Phosphate,0.13,0.13
Ambient,High,BP,FALL,Salinity,34.61726463,34.61726463
Ambient,High,BP,FALL,Salinity,34.61976765,34.61976765
Ambient,High,BP,FALL,Salinity,34.63061407,34.63061407
Ambient,High,BP,FALL,Salinity,34.63103124,34.63103124
Ambient,High,BP,FALL,Salinity,34.63186558,34.63186558
Ambient,High,BP,FALL,Silicate,2.04,2.04
Ambient,High,BP,FALL,Silicate,2.06,2.06
Ambient,High,BP,FALL,Silicate,2.07,2.07
Ambient,High,BP,FALL,Silicate,2.33,2.33
Ambient,High,BP,FALL,Silicate,2.39,2.39
Ambient,High,BP,FALL,TA,2240.160568,2240.160568
Ambient,High,BP,FALL,TA,2257.036208,2257.036208
Ambient,High,BP,FALL,TA,2266.276492,2266.276492
Ambient,High,BP,FALL,TA,2272.939258,2272.939258
Ambient,High,BP,FALL,TA,2274.232202,2274.232202
Ambient,High,BP,FALL,Temp_in,27.02672311,27.02672311
Ambient,High,BP,FALL,Temp_in,27.32518847,27.32518847
Ambient,High,BP,FALL,Temp_in,27.46158297,27.46158297
Ambient,High,BP,FALL,Temp_in,27.50866273,27.50866273
Ambient,High,BP,FALL,Temp_in,27.69213699,27.69213699
Ambient,High,BP,FALL,pH,8.097,8.097
Ambient,High,BP,FALL,pH,8.102,8.102
Ambient,High,BP,FALL,pH,8.103,8.103
Ambient,High,BP,FALL,pH,8.126,8.126
Ambient,High,BP,FALL,percent_sgd,0.256926952,0.256926952
Ambient,High,BP,FALL,percent_sgd,0.259445844,0.259445844
Ambient,High,BP,FALL,percent_sgd,0.26070529,0.26070529
Ambient,High,BP,FALL,percent_sgd,0.293450882,0.293450882
Ambient,High,BP,FALL,percent_sgd,0.301007557,0.301007557
Ambient,High,BP,SPRING,NN,0.16,0.16
Ambient,High,BP,SPRING,NN,0.18,0.18
Ambient,High,BP,SPRING,Phosphate,0.14,0.14
Ambient,High,BP,SPRING,Phosphate,0.17,0.17
Ambient,High,BP,SPRING,Phosphate,0.18,0.18
Ambient,High,BP,SPRING,Phosphate,0.23,0.23
Ambient,High,BP,SPRING,Salinity,34.63144841,34.63144841
Ambient,High,BP,SPRING,Salinity,34.64396351,34.64396351
Ambient,High,BP,SPRING,Salinity,34.64771804,34.64771804
Ambient,High,BP,SPRING,Salinity,34.6510554,34.6510554
Ambient,High,BP,SPRING,Silicate,1.58,1.58
Ambient,High,BP,SPRING,Silicate,1.66,1.66
Ambient,High,BP,SPRING,Silicate,1.75,1.75
Ambient,High,BP,SPRING,Silicate,2.05,2.05
Ambient,High,BP,SPRING,TA,2220.585898,2220.585898
Ambient,High,BP,SPRING,TA,2241.388236,2241.388236
Ambient,High,BP,SPRING,TA,2251.166265,2251.166265
Ambient,High,BP,SPRING,TA,2277.477824,2277.477824
Ambient,High,BP,SPRING,Temp_in,25.34936877,25.34936877
Ambient,High,BP,SPRING,Temp_in,25.53368361,25.53368361
Ambient,High,BP,SPRING,Temp_in,25.66787286,25.66787286
Ambient,High,BP,SPRING,Temp_in,25.8020621,25.8020621
Ambient,High,BP,SPRING,pH,8.125,8.125
Ambient,High,BP,SPRING,pH,8.18,8.18
Ambient,High,BP,SPRING,pH,8.182,8.182
Ambient,High,BP,SPRING,percent_sgd,0.198992443,0.198992443
Ambient,High,BP,SPRING,percent_sgd,0.20906801,0.20906801
Ambient,High,BP,SPRING,percent_sgd,0.220403023,0.220403023
Ambient,High,BP,SPRING,percent_sgd,0.258186398,0.258186398
Ambient,High,W,FALL,NN,0.11,0.11
Ambient,High,W,FALL,NN,0.12,0.12
Ambient,High,W,FALL,NN,0.14,0.14
Ambient,High,W,FALL,NN,0.15,0.15
Ambient,High,W,FALL,NN,0.17,0.17
Ambient,High,W,FALL,NN,0.2,0.2
Ambient,High,W,FALL,NN,0.27,0.27
Ambient,High,W,FALL,Phosphate,0.08,0.08
Ambient,High,W,FALL,Phosphate,0.1,0.1
Ambient,High,W,FALL,Phosphate,0.11,0.11
Ambient,High,W,FALL,Phosphate,0.12,0.12
Ambient,High,W,FALL,Phosphate,0.15,0.15
Ambient,High,W,FALL,Salinity,34.55635501,34.55635501
Ambient,High,W,FALL,Salinity,34.57613211,34.57613211
Ambient,High,W,FALL,Salinity,34.5765716,34.5765716
Ambient,High,W,FALL,Salinity,34.58448244,34.58448244
Ambient,High,W,FALL,Salinity,34.59678819,34.59678819
Ambient,High,W,FALL,Salinity,34.60294107,34.60294107
Ambient,High,W,FALL,Salinity,34.60689649,34.60689649
Ambient,High,W,FALL,Salinity,34.61304936,34.61304936
Ambient,High,W,FALL,Silicate,1.55,1.55
Ambient,High,W,FALL,Silicate,1.69,1.69
Ambient,High,W,FALL,Silicate,1.78,1.78
Ambient,High,W,FALL,Silicate,1.92,1.92
Ambient,High,W,FALL,Silicate,2.2,2.2
Ambient,High,W,FALL,Silicate,2.38,2.38
Ambient,High,W,FALL,Silicate,2.39,2.39
Ambient,High,W,FALL,Silicate,2.84,2.84
Ambient,High,W,FALL,TA,2225.157422,2225.157422
Ambient,High,W,FALL,TA,2231.773561,2231.773561
Ambient,High,W,FALL,TA,2235.314033,2235.314033
Ambient,High,W,FALL,TA,2242.445381,2242.445381
Ambient,High,W,FALL,TA,2244.10175,2244.10175
Ambient,High,W,FALL,TA,2244.596967,2244.596967
Ambient,High,W,FALL,TA,2254.998379,2254.998379
Ambient,High,W,FALL,TA,2260.206592,2260.206592
Ambient,High,W,FALL,Temp_in,27.22096664,27.22096664
Ambient,High,W,FALL,Temp_in,27.34219822,27.34219822
Ambient,High,W,FALL,Temp_in,27.39999941,27.39999941
Ambient,High,W,FALL,Temp_in,27.43287305,27.43287305
Ambient,High,W,FALL,Temp_in,27.50769411,27.50769411
Ambient,High,W,FALL,Temp_in,27.68477446,27.68477446
Ambient,High,W,FALL,Temp_in,27.94864676,27.94864676
Ambient,High,W,FALL,Temp_in,28.49729411,28.49729411
Ambient,High,W,FALL,pH,8.112,8.112
Ambient,High,W,FALL,pH,8.139,8.139
Ambient,High,W,FALL,pH,8.141,8.141
Ambient,High,W,FALL,pH,8.152,8.152
Ambient,High,W,FALL,pH,8.165,8.165
Ambient,High,W,FALL,pH,8.17,8.17
Ambient,High,W,FALL,pH,8.171,8.171
Ambient,High,W,FALL,pH,8.199,8.199
Ambient,High,W,FALL,percent_sgd,0.200258398,0.200258398
Ambient,High,W,FALL,percent_sgd,0.218346253,0.218346253
Ambient,High,W,FALL,percent_sgd,0.22997416,0.22997416
Ambient,High,W,FALL,percent_sgd,0.248062016,0.248062016
Ambient,High,W,FALL,percent_sgd,0.284237726,0.284237726
Ambient,High,W,FALL,percent_sgd,0.30749354,0.30749354
Ambient,High,W,FALL,percent_sgd,0.30878553,0.30878553
Ambient,High,W,FALL,percent_sgd,0.366925065,0.366925065
Ambient,High,W,SPRING,NN,0.12,0.12
Ambient,High,W,SPRING,NN,0.14,0.14
Ambient,High,W,SPRING,NN,0.15,0.15
Ambient,High,W,SPRING,NN,0.19,0.19
Ambient,High,W,SPRING,NN,0.21,0.21
Ambient,High,W,SPRING,Phosphate,0.11,0.11
Ambient,High,W,SPRING,Phosphate,0.12,0.12
Ambient,High,W,SPRING,Phosphate,0.13,0.13
Ambient,High,W,SPRING,Phosphate,0.14,0.14
Ambient,High,W,SPRING,Salinity,34.58799837,34.58799837
Ambient,High,W,SPRING,Salinity,34.5915143,34.5915143
Ambient,High,W,SPRING,Salinity,34.59898565,34.59898565
Ambient,High,W,SPRING,Salinity,34.60162259,34.60162259
Ambient,High,W,SPRING,Salinity,34.60821496,34.60821496
Ambient,High,W,SPRING,Salinity,34.60865445,34.60865445
Ambient,High,W,SPRING,Salinity,34.60909394,34.60909394
Ambient,High,W,SPRING,Salinity,34.61173089,34.61173089
Ambient,High,W,SPRING,Silicate,1.58,1.58
Ambient,High,W,SPRING,Silicate,1.64,1.64
Ambient,High,W,SPRING,Silicate,1.65,1.65
Ambient,High,W,SPRING,Silicate,1.66,1.66
Ambient,High,W,SPRING,Silicate,1.81,1.81
Ambient,High,W,SPRING,Silicate,1.87,1.87
Ambient,High,W,SPRING,Silicate,2.04,2.04
Ambient,High,W,SPRING,Silicate,2.12,2.12
Ambient,High,W,SPRING,TA,2235.94711,2235.94711
Ambient,High,W,SPRING,TA,2247.471323,2247.471323
Ambient,High,W,SPRING,TA,2254.568475,2254.568475
Ambient,High,W,SPRING,TA,2257.582582,2257.582582
Ambient,High,W,SPRING,TA,2259.577353,2259.577353
Ambient,High,W,SPRING,TA,2263.320386,2263.320386
Ambient,High,W,SPRING,TA,2278.998271,2278.998271
Ambient,High,W,SPRING,TA,2283.21026,2283.21026
Ambient,High,W,SPRING,Temp_in,25.24803637,25.24803637
Ambient,High,W,SPRING,Temp_in,25.31753883,25.31753883
Ambient,High,W,SPRING,Temp_in,25.52240571,25.52240571
Ambient,High,W,SPRING,Temp_in,25.54394564,25.54394564
Ambient,High,W,SPRING,Temp_in,25.57611959,25.57611959
Ambient,High,W,SPRING,Temp_in,25.71026052,25.71026052
Ambient,High,W,SPRING,Temp_in,25.72976343,25.72976343
Ambient,High,W,SPRING,Temp_in,26.14198803,26.14198803
Ambient,High,W,SPRING,pH,8.053,8.053
Ambient,High,W,SPRING,pH,8.087,8.087
Ambient,High,W,SPRING,pH,8.088,8.088
Ambient,High,W,SPRING,pH,8.089,8.089
Ambient,High,W,SPRING,pH,8.097,8.097
Ambient,High,W,SPRING,pH,8.112,8.112
Ambient,High,W,SPRING,pH,8.113,8.113
Ambient,High,W,SPRING,pH,8.118,8.118
Ambient,High,W,SPRING,percent_sgd,0.204134367,0.204134367
Ambient,High,W,SPRING,percent_sgd,0.211886305,0.211886305
Ambient,High,W,SPRING,percent_sgd,0.213178295,0.213178295
Ambient,High,W,SPRING,percent_sgd,0.214470284,0.214470284
Ambient,High,W,SPRING,percent_sgd,0.233850129,0.233850129
Ambient,High,W,SPRING,percent_sgd,0.241602067,0.241602067
Ambient,High,W,SPRING,percent_sgd,0.263565891,0.263565891
Ambient,High,W,SPRING,percent_sgd,0.273901809,0.273901809
Ambient,Low,BP,FALL,NN,0.02,0.02
Ambient,Low,BP,FALL,NN,0.06,0.06
Ambient,Low,BP,FALL,NN,0.14,0.14
Ambient,Low,BP,FALL,NN,0.26,0.26
Ambient,Low,BP,FALL,NN,8.99,8.99
Ambient,Low,BP,FALL,Phosphate,0.09,0.09
Ambient,Low,BP,FALL,Phosphate,0.1,0.1
Ambient,Low,BP,FALL,Phosphate,0.12,0.12
Ambient,Low,BP,FALL,Phosphate,0.32,0.32
Ambient,Low,BP,FALL,Salinity,33.11795536,33.11795536
Ambient,Low,BP,FALL,Salinity,34.59932631,34.59932631
Ambient,Low,BP,FALL,Salinity,34.61476161,34.61476161
Ambient,Low,BP,FALL,Salinity,34.61559595,34.61559595
Ambient,Low,BP,FALL,Salinity,34.62519086,34.62519086
Ambient,Low,BP,FALL,Silicate,2.2,2.2
Ambient,Low,BP,FALL,Silicate,2.43,2.43
Ambient,Low,BP,FALL,Silicate,2.45,2.45
Ambient,Low,BP,FALL,Silicate,2.82,2.82
Ambient,Low,BP,FALL,Silicate,38.33,38.33
Ambient,Low,BP,FALL,TA,2240.192809,2240.192809
Ambient,Low,BP,FALL,TA,2241.769351,2241.769351
Ambient,Low,BP,FALL,TA,2264.357533,2264.357533
Ambient,Low,BP,FALL,TA,2265.980562,2265.980562
Ambient,Low,BP,FALL,TA,2267.318516,2267.318516
Ambient,Low,BP,FALL,Temp_in,26.76421938,26.76421938
Ambient,Low,BP,FALL,Temp_in,26.94792715,26.94792715
Ambient,Low,BP,FALL,Temp_in,26.96524308,26.96524308
Ambient,Low,BP,FALL,Temp_in,27.10562886,27.10562886
Ambient,Low,BP,FALL,Temp_in,27.24601463,27.24601463
Ambient,Low,BP,FALL,pH,8.011,8.011
Ambient,Low,BP,FALL,pH,8.019,8.019
Ambient,Low,BP,FALL,pH,8.032,8.032
Ambient,Low,BP,FALL,pH,8.035,8.035
Ambient,Low,BP,FALL,pH,8.107,8.107
Ambient,Low,BP,FALL,percent_sgd,0.277078086,0.277078086
Ambient,Low,BP,FALL,percent_sgd,0.30604534,0.30604534
Ambient,Low,BP,FALL,percent_sgd,0.308564232,0.308564232
Ambient,Low,BP,FALL,percent_sgd,0.355163728,0.355163728
Ambient,Low,BP,FALL,percent_sgd,4.827455919,4.827455919
Ambient,Low,BP,SPRING,NN,0.06,0.06
Ambient,Low,BP,SPRING,NN,0.12,0.12
Ambient,Low,BP,SPRING,NN,0.14,0.14
Ambient,Low,BP,SPRING,NN,0.19,0.19
Ambient,Low,BP,SPRING,Phosphate,0.1,0.1
Ambient,Low,BP,SPRING,Phosphate,0.13,0.13
Ambient,Low,BP,SPRING,Phosphate,0.14,0.14
Ambient,Low,BP,SPRING,Salinity,34.65397559,34.65397559
Ambient,Low,BP,SPRING,Salinity,34.66148466,34.66148466
Ambient,Low,BP,SPRING,Salinity,34.66190183,34.66190183
Ambient,Low,BP,SPRING,Salinity,34.66273617,34.66273617
Ambient,Low,BP,SPRING,Silicate,1.3,1.3
Ambient,Low,BP,SPRING,Silicate,1.32,1.32
Ambient,Low,BP,SPRING,Silicate,1.33,1.33
Ambient,Low,BP,SPRING,Silicate,1.51,1.51
Ambient,Low,BP,SPRING,TA,2215.231211,2215.231211
Ambient,Low,BP,SPRING,TA,2226.03246,2226.03246
Ambient,Low,BP,SPRING,TA,2238.277969,2238.277969
Ambient,Low,BP,SPRING,TA,2249.687868,2249.687868
Ambient,Low,BP,SPRING,TA,2292.858131,2292.858131
Ambient,Low,BP,SPRING,Temp_in,24.64398819,24.64398819
Ambient,Low,BP,SPRING,Temp_in,24.78615874,24.78615874
Ambient,Low,BP,SPRING,Temp_in,24.81012382,24.81012382
Ambient,Low,BP,SPRING,Temp_in,24.82692601,24.82692601
Ambient,Low,BP,SPRING,Temp_in,24.86769328,24.86769328
Ambient,Low,BP,SPRING,pH,8.111,8.111
Ambient,Low,BP,SPRING,pH,8.128,8.128
Ambient,Low,BP,SPRING,pH,8.142,8.142
Ambient,Low,BP,SPRING,pH,8.144,8.144
Ambient,Low,BP,SPRING,pH,8.2,8.2
Ambient,Low,BP,SPRING,percent_sgd,0.16372796,0.16372796
Ambient,Low,BP,SPRING,percent_sgd,0.166246851,0.166246851
Ambient,Low,BP,SPRING,percent_sgd,0.167506297,0.167506297
Ambient,Low,BP,SPRING,percent_sgd,0.190176322,0.190176322
Ambient,Low,W,FALL,NN,0.1,0.1
Ambient,Low,W,FALL,NN,0.11,0.11
Ambient,Low,W,FALL,NN,0.13,0.13
Ambient,Low,W,FALL,NN,0.17,0.17
Ambient,Low,W,FALL,Phosphate,0.06,0.06
Ambient,Low,W,FALL,Phosphate,0.07,0.07
Ambient,Low,W,FALL,Phosphate,0.08,0.08
Ambient,Low,W,FALL,Phosphate,0.09,0.09
Ambient,Low,W,FALL,Phosphate,0.1,0.1
Ambient,Low,W,FALL,Salinity,34.58536142,34.58536142
Ambient,Low,W,FALL,Salinity,34.58843786,34.58843786
Ambient,Low,W,FALL,Salinity,34.59195379,34.59195379
Ambient,Low,W,FALL,Salinity,34.59766717,34.59766717
Ambient,Low,W,FALL,Salinity,34.60294107,34.60294107
Ambient,Low,W,FALL,Salinity,34.60953343,34.60953343
Ambient,Low,W,FALL,Salinity,34.61788376,34.61788376
Ambient,Low,W,FALL,Silicate,1.44,1.44
Ambient,Low,W,FALL,Silicate,1.63,1.63
Ambient,Low,W,FALL,Silicate,1.78,1.78
Ambient,Low,W,FALL,Silicate,1.9,1.9
Ambient,Low,W,FALL,Silicate,2.03,2.03
Ambient,Low,W,FALL,Silicate,2.11,2.11
Ambient,Low,W,FALL,Silicate,2.18,2.18
Ambient,Low,W,FALL,TA,2238.606606,2238.606606
Ambient,Low,W,FALL,TA,2243.843064,2243.843064
Ambient,Low,W,FALL,TA,2246.937582,2246.937582
Ambient,Low,W,FALL,TA,2249.929778,2249.929778
Ambient,Low,W,FALL,TA,2263.827588,2263.827588
Ambient,Low,W,FALL,TA,2266.405711,2266.405711
Ambient,Low,W,FALL,TA,2268.266354,2268.266354
Ambient,Low,W,FALL,TA,2273.234331,2273.234331
Ambient,Low,W,FALL,Temp_in,25.90139646,25.90139646
Ambient,Low,W,FALL,Temp_in,25.91379523,25.91379523
Ambient,Low,W,FALL,Temp_in,26.1885656,26.1885656
Ambient,Low,W,FALL,Temp_in,26.48281306,26.48281306
Ambient,Low,W,FALL,Temp_in,26.7705343,26.7705343
Ambient,Low,W,FALL,Temp_in,26.93993178,26.93993178
Ambient,Low,W,FALL,Temp_in,27.40983169,27.40983169
Ambient,Low,W,FALL,Temp_in,27.8797316,27.8797316
Ambient,Low,W,FALL,pH,8.023,8.023
Ambient,Low,W,FALL,pH,8.045,8.045
Ambient,Low,W,FALL,pH,8.077,8.077
Ambient,Low,W,FALL,pH,8.086,8.086
Ambient,Low,W,FALL,pH,8.091,8.091
Ambient,Low,W,FALL,pH,8.113,8.113
Ambient,Low,W,FALL,pH,8.139,8.139
Ambient,Low,W,FALL,pH,8.169,8.169
Ambient,Low,W,FALL,percent_sgd,0.186046512,0.186046512
Ambient,Low,W,FALL,percent_sgd,0.210594315,0.210594315
Ambient,Low,W,FALL,percent_sgd,0.22997416,0.22997416
Ambient,Low,W,FALL,percent_sgd,0.245478036,0.245478036
Ambient,Low,W,FALL,percent_sgd,0.262273902,0.262273902
Ambient,Low,W,FALL,percent_sgd,0.272609819,0.272609819
Ambient,Low,W,FALL,percent_sgd,0.281653747,0.281653747
Ambient,Low,W,SPRING,NN,0.13,0.13
Ambient,Low,W,SPRING,NN,0.16,0.16
Ambient,Low,W,SPRING,NN,0.18,0.18
Ambient,Low,W,SPRING,NN,0.19,0.19
Ambient,Low,W,SPRING,NN,0.2,0.2
Ambient,Low,W,SPRING,NN,0.26,0.26
Ambient,Low,W,SPRING,Phosphate,0.09,0.09
Ambient,Low,W,SPRING,Phosphate,0.11,0.11
Ambient,Low,W,SPRING,Phosphate,0.12,0.12
Ambient,Low,W,SPRING,Salinity,34.47636764,34.47636764
Ambient,Low,W,SPRING,Salinity,34.57085822,34.57085822
Ambient,Low,W,SPRING,Salinity,34.57789008,34.57789008
Ambient,Low,W,SPRING,Salinity,34.57832957,34.57832957
Ambient,Low,W,SPRING,Salinity,34.581406,34.581406
Ambient,Low,W,SPRING,Salinity,34.59854616,34.59854616
Ambient,Low,W,SPRING,Salinity,34.59942514,34.59942514
Ambient,Low,W,SPRING,Salinity,34.60733598,34.60733598
Ambient,Low,W,SPRING,Silicate,1.68,1.68
Ambient,Low,W,SPRING,Silicate,1.86,1.86
Ambient,Low,W,SPRING,Silicate,1.88,1.88
Ambient,Low,W,SPRING,Silicate,2.27,2.27
Ambient,Low,W,SPRING,Silicate,2.34,2.34
Ambient,Low,W,SPRING,Silicate,2.35,2.35
Ambient,Low,W,SPRING,Silicate,2.51,2.51
Ambient,Low,W,SPRING,Silicate,4.66,4.66
Ambient,Low,W,SPRING,TA,2221.496044,2221.496044
Ambient,Low,W,SPRING,TA,2263.358534,2263.358534
Ambient,Low,W,SPRING,TA,2268.419106,2268.419106
Ambient,Low,W,SPRING,TA,2274.630462,2274.630462
Ambient,Low,W,SPRING,TA,2277.045233,2277.045233
Ambient,Low,W,SPRING,TA,2278.298318,2278.298318
Ambient,Low,W,SPRING,TA,2294.263212,2294.263212
Ambient,Low,W,SPRING,TA,2309.947719,2309.947719
Ambient,Low,W,SPRING,Temp_in,23.85659446,23.85659446
Ambient,Low,W,SPRING,Temp_in,23.87478944,23.87478944
Ambient,Low,W,SPRING,Temp_in,24.06194201,24.06194201
Ambient,Low,W,SPRING,Temp_in,24.10860383,24.10860383
Ambient,Low,W,SPRING,Temp_in,24.51562606,24.51562606
Ambient,Low,W,SPRING,Temp_in,24.56946139,24.56946139
Ambient,Low,W,SPRING,Temp_in,24.77369034,24.77369034
Ambient,Low,W,SPRING,Temp_in,24.97791928,24.97791928
Ambient,Low,W,SPRING,pH,7.925,7.925
Ambient,Low,W,SPRING,pH,7.933,7.933
Ambient,Low,W,SPRING,pH,7.957,7.957
Ambient,Low,W,SPRING,pH,7.963,7.963
Ambient,Low,W,SPRING,pH,7.986,7.986
Ambient,Low,W,SPRING,pH,7.989,7.989
Ambient,Low,W,SPRING,pH,7.996,7.996
Ambient,Low,W,SPRING,pH,7.997,7.997
Ambient,Low,W,SPRING,percent_sgd,0.217054264,0.217054264
Ambient,Low,W,SPRING,percent_sgd,0.240310078,0.240310078
Ambient,Low,W,SPRING,percent_sgd,0.242894057,0.242894057
Ambient,Low,W,SPRING,percent_sgd,0.293281654,0.293281654
Ambient,Low,W,SPRING,percent_sgd,0.302325581,0.302325581
Ambient,Low,W,SPRING,percent_sgd,0.303617571,0.303617571
Ambient,Low,W,SPRING,percent_sgd,0.324289406,0.324289406
Ambient,Low,W,SPRING,percent_sgd,0.602067183,0.602067183
Diffuse,High,BP,FALL,NN,0.11,0.11
Diffuse,High,BP,FALL,NN,0.12,0.12
Diffuse,High,BP,FALL,NN,0.18,0.18
Diffuse,High,BP,FALL,NN,0.23,0.23
Diffuse,High,BP,FALL,NN,0.25,0.25
Diffuse,High,BP,FALL,NN,0.27,0.27
Diffuse,High,BP,FALL,NN,0.29,0.29
Diffuse,High,BP,FALL,NN,0.41,0.41
Diffuse,High,BP,FALL,NN,0.47,0.47
Diffuse,High,BP,FALL,NN,1.19,1.19
Diffuse,High,BP,FALL,Phosphate,0.11,0.11
Diffuse,High,BP,FALL,Phosphate,0.12,0.12
Diffuse,High,BP,FALL,Phosphate,0.13,0.13
Diffuse,High,BP,FALL,Phosphate,0.15,0.15
Diffuse,High,BP,FALL,Salinity,34.46458038,34.46458038
Diffuse,High,BP,FALL,Salinity,34.55135175,34.55135175
Diffuse,High,BP,FALL,Salinity,34.58347385,34.58347385
Diffuse,High,BP,FALL,Salinity,34.58514253,34.58514253
Diffuse,High,BP,FALL,Salinity,34.61058991,34.61058991
Diffuse,High,BP,FALL,Salinity,34.61559595,34.61559595
Diffuse,High,BP,FALL,Salinity,34.61851614,34.61851614
Diffuse,High,BP,FALL,Salinity,34.6260252,34.6260252
Diffuse,High,BP,FALL,Salinity,34.63728879,34.63728879
Diffuse,High,BP,FALL,Salinity,34.64521502,34.64521502
Diffuse,High,BP,FALL,Silicate,1.72,1.72
Diffuse,High,BP,FALL,Silicate,1.91,1.91
Diffuse,High,BP,FALL,Silicate,2.18,2.18
Diffuse,High,BP,FALL,Silicate,2.36,2.36
Diffuse,High,BP,FALL,Silicate,2.43,2.43
Diffuse,High,BP,FALL,Silicate,2.55,2.55
Diffuse,High,BP,FALL,Silicate,3.16,3.16
Diffuse,High,BP,FALL,Silicate,3.2,3.2
Diffuse,High,BP,FALL,Silicate,3.97,3.97
Diffuse,High,BP,FALL,Silicate,6.05,6.05
Diffuse,High,BP,FALL,TA,2240.933924,2240.933924
Diffuse,High,BP,FALL,TA,2242.367666,2242.367666
Diffuse,High,BP,FALL,TA,2242.669672,2242.669672
Diffuse,High,BP,FALL,TA,2242.801505,2242.801505
Diffuse,High,BP,FALL,TA,2243.444413,2243.444413
Diffuse,High,BP,FALL,TA,2246.246271,2246.246271
Diffuse,High,BP,FALL,TA,2256.83964,2256.83964
Diffuse,High,BP,FALL,TA,2260.144041,2260.144041
Diffuse,High,BP,FALL,TA,2263.962936,2263.962936
Diffuse,High,BP,FALL,TA,2299.97428,2299.97428
Diffuse,High,BP,FALL,Temp_in,27.32303057,27.32303057
Diffuse,High,BP,FALL,Temp_in,27.42398694,27.42398694
Diffuse,High,BP,FALL,Temp_in,27.53207537,27.53207537
Diffuse,High,BP,FALL,Temp_in,27.79777626,27.79777626
Diffuse,High,BP,FALL,Temp_in,27.8310537,27.8310537
Diffuse,High,BP,FALL,Temp_in,27.89482354,27.89482354
Diffuse,High,BP,FALL,Temp_in,27.89644282,27.89644282
Diffuse,High,BP,FALL,Temp_in,27.96183195,27.96183195
Diffuse,High,BP,FALL,Temp_in,28.01096694,28.01096694
Diffuse,High,BP,FALL,Temp_in,28.13003202,28.13003202
Diffuse,High,BP,FALL,pH,8.021,8.021
Diffuse,High,BP,FALL,pH,8.127,8.127
Diffuse,High,BP,FALL,pH,8.148,8.148
Diffuse,High,BP,FALL,pH,8.154,8.154
Diffuse,High,BP,FALL,pH,8.161,8.161
Diffuse,High,BP,FALL,pH,8.181,8.181
Diffuse,High,BP,FALL,pH,8.192,8.192
Diffuse,High,BP,FALL,pH,8.205,8.205
Diffuse,High,BP,FALL,pH,8.237,8.237
Diffuse,High,BP,FALL,percent_sgd,0.216624685,0.216624685
Diffuse,High,BP,FALL,percent_sgd,0.240554156,0.240554156
Diffuse,High,BP,FALL,percent_sgd,0.274559194,0.274559194
Diffuse,High,BP,FALL,percent_sgd,0.297229219,0.297229219
Diffuse,High,BP,FALL,percent_sgd,0.30604534,0.30604534
Diffuse,High,BP,FALL,percent_sgd,0.32115869,0.32115869
Diffuse,High,BP,FALL,percent_sgd,0.397984887,0.397984887
Diffuse,High,BP,FALL,percent_sgd,0.40302267,0.40302267
Diffuse,High,BP,FALL,percent_sgd,0.5,0.5
Diffuse,High,BP,FALL,percent_sgd,0.761964736,0.761964736
Diffuse,High,BP,SPRING,NN,0.28,0.28
Diffuse,High,BP,SPRING,NN,0.39,0.39
Diffuse,High,BP,SPRING,NN,0.44,0.44
Diffuse,High,BP,SPRING,NN,0.51,0.51
Diffuse,High,BP,SPRING,NN,0.52,0.52
Diffuse,High,BP,SPRING,NN,0.69,0.69
Diffuse,High,BP,SPRING,NN,0.81,0.81
Diffuse,High,BP,SPRING,NN,0.87,0.87
Diffuse,High,BP,SPRING,NN,1.14,1.14
Diffuse,High,BP,SPRING,NN,1.43,1.43
Diffuse,High,BP,SPRING,Phosphate,0.14,0.14
Diffuse,High,BP,SPRING,Phosphate,0.15,0.15
Diffuse,High,BP,SPRING,Phosphate,0.16,0.16
Diffuse,High,BP,SPRING,Phosphate,0.17,0.17
Diffuse,High,BP,SPRING,Phosphate,0.18,0.18
Diffuse,High,BP,SPRING,Salinity,34.08578994,34.08578994
Diffuse,High,BP,SPRING,Salinity,34.08620711,34.08620711
Diffuse,High,BP,SPRING,Salinity,34.10080807,34.10080807
Diffuse,High,BP,SPRING,Salinity,34.21302682,34.21302682
Diffuse,High,BP,SPRING,Salinity,34.23763985,34.23763985
Diffuse,High,BP,SPRING,Salinity,34.25849836,34.25849836
Diffuse,High,BP,SPRING,Salinity,34.4474764,34.4474764
Diffuse,High,BP,SPRING,Salinity,34.58013649,34.58013649
Diffuse,High,BP,SPRING,Salinity,34.60308084,34.60308084
Diffuse,High,BP,SPRING,Salinity,34.62435652,34.62435652
Diffuse,High,BP,SPRING,Silicate,2.22,2.22
Diffuse,High,BP,SPRING,Silicate,2.73,2.73
Diffuse,High,BP,SPRING,Silicate,3.28,3.28
Diffuse,High,BP,SPRING,Silicate,6.46,6.46
Diffuse,High,BP,SPRING,Silicate,10.99,10.99
Diffuse,High,BP,SPRING,Silicate,11.49,11.49
Diffuse,High,BP,SPRING,Silicate,12.08,12.08
Diffuse,High,BP,SPRING,Silicate,14.77,14.77
Diffuse,High,BP,SPRING,Silicate,15.12,15.12
Diffuse,High,BP,SPRING,Silicate,15.13,15.13
Diffuse,High,BP,SPRING,TA,2158.086772,2158.086772
Diffuse,High,BP,SPRING,TA,2192.279963,2192.279963
Diffuse,High,BP,SPRING,TA,2194.570047,2194.570047
Diffuse,High,BP,SPRING,TA,2221.334924,2221.334924
Diffuse,High,BP,SPRING,TA,2233.180943,2233.180943
Diffuse,High,BP,SPRING,TA,2234.133732,2234.133732
Diffuse,High,BP,SPRING,TA,2237.264392,2237.264392
Diffuse,High,BP,SPRING,TA,2248.933606,2248.933606
Diffuse,High,BP,SPRING,TA,2268.926038,2268.926038
Diffuse,High,BP,SPRING,TA,2280.421802,2280.421802
Diffuse,High,BP,SPRING,Temp_in,25.73860766,25.73860766
Diffuse,High,BP,SPRING,Temp_in,25.88621737,25.88621737
Diffuse,High,BP,SPRING,Temp_in,25.93392292,25.93392292
Diffuse,High,BP,SPRING,Temp_in,25.99096602,25.99096602
Diffuse,High,BP,SPRING,Temp_in,26.03382707,26.03382707
Diffuse,High,BP,SPRING,Temp_in,26.0501276,26.0501276
Diffuse,High,BP,SPRING,Temp_in,26.22549947,26.22549947
Diffuse,High,BP,SPRING,Temp_in,26.25084177,26.25084177
Diffuse,High,BP,SPRING,Temp_in,26.32904648,26.32904648
Diffuse,High,BP,SPRING,Temp_in,26.3741154,26.3741154
Diffuse,High,BP,SPRING,pH,8.225,8.225
Diffuse,High,BP,SPRING,pH,8.228,8.228
Diffuse,High,BP,SPRING,pH,8.242,8.242
Diffuse,High,BP,SPRING,pH,8.264,8.264
Diffuse,High,BP,SPRING,pH,8.272,8.272
Diffuse,High,BP,SPRING,pH,8.279,8.279
Diffuse,High,BP,SPRING,pH,8.288,8.288
Diffuse,High,BP,SPRING,pH,8.292,8.292
Diffuse,High,BP,SPRING,pH,8.309,8.309
Diffuse,High,BP,SPRING,pH,8.322,8.322
Diffuse,High,BP,SPRING,percent_sgd,0.279596977,0.279596977
Diffuse,High,BP,SPRING,percent_sgd,0.343828715,0.343828715
Diffuse,High,BP,SPRING,percent_sgd,0.413098237,0.413098237
Diffuse,High,BP,SPRING,percent_sgd,0.813602015,0.813602015
Diffuse,High,BP,SPRING,percent_sgd,1.384130982,1.384130982
Diffuse,High,BP,SPRING,percent_sgd,1.447103275,1.447103275
Diffuse,High,BP,SPRING,percent_sgd,1.521410579,1.521410579
Diffuse,High,BP,SPRING,percent_sgd,1.860201511,1.860201511
Diffuse,High,BP,SPRING,percent_sgd,1.904282116,1.904282116
Diffuse,High,BP,SPRING,percent_sgd,1.905541562,1.905541562
Diffuse,High,W,FALL,NN,0.04,0.04
Diffuse,High,W,FALL,NN,0.12,0.12
Diffuse,High,W,FALL,NN,0.2,0.2
Diffuse,High,W,FALL,NN,0.21,0.21
Diffuse,High,W,FALL,NN,0.22,0.22
Diffuse,High,W,FALL,NN,0.24,0.24
Diffuse,High,W,FALL,NN,0.35,0.35
Diffuse,High,W,FALL,NN,0.68,0.68
Diffuse,High,W,FALL,Phosphate,0.07,0.07
Diffuse,High,W,FALL,Phosphate,0.08,0.08
Diffuse,High,W,FALL,Phosphate,0.09,0.09
Diffuse,High,W,FALL,Phosphate,0.11,0.11
Diffuse,High,W,FALL,Phosphate,0.12,0.12
Diffuse,High,W,FALL,Phosphate,0.13,0.13
Diffuse,High,W,FALL,Salinity,34.50317659,34.50317659
Diffuse,High,W,FALL,Salinity,34.51592183,34.51592183
Diffuse,High,W,FALL,Salinity,34.5225142,34.5225142
Diffuse,High,W,FALL,Salinity,34.52910657,34.52910657
Diffuse,High,W,FALL,Salinity,34.53789639,34.53789639
Diffuse,High,W,FALL,Salinity,34.53965435,34.53965435
Diffuse,High,W,FALL,Salinity,34.54317028,34.54317028
Diffuse,High,W,FALL,Salinity,34.54668621,34.54668621
Diffuse,High,W,FALL,Silicate,3.06,3.06
Diffuse,High,W,FALL,Silicate,3.14,3.14
Diffuse,High,W,FALL,Silicate,3.22,3.22
Diffuse,High,W,FALL,Silicate,3.26,3.26
Diffuse,High,W,FALL,Silicate,3.46,3.46
Diffuse,High,W,FALL,Silicate,3.61,3.61
Diffuse,High,W,FALL,Silicate,3.76,3.76
Diffuse,High,W,FALL,Silicate,4.05,4.05
Diffuse,High,W,FALL,TA,2206.974224,2206.974224
Diffuse,High,W,FALL,TA,2219.513637,2219.513637
Diffuse,High,W,FALL,TA,2227.731898,2227.731898
Diffuse,High,W,FALL,TA,2231.540629,2231.540629
Diffuse,High,W,FALL,TA,2231.928785,2231.928785
Diffuse,High,W,FALL,TA,2234.152534,2234.152534
Diffuse,High,W,FALL,TA,2238.532837,2238.532837
Diffuse,High,W,FALL,TA,2253.270607,2253.270607
Diffuse,High,W,FALL,Temp_in,26.97355833,26.97355833
Diffuse,High,W,FALL,Temp_in,27.16259166,27.16259166
Diffuse,High,W,FALL,Temp_in,27.27202689,27.27202689
Diffuse,High,W,FALL,Temp_in,27.3170607,27.3170607
Diffuse,High,W,FALL,Temp_in,27.42211556,27.42211556
Diffuse,High,W,FALL,Temp_in,27.48360478,27.48360478
Diffuse,High,W,FALL,Temp_in,27.48468849,27.48468849
Diffuse,High,W,FALL,Temp_in,27.65231627,27.65231627
Diffuse,High,W,FALL,pH,8.111,8.111
Diffuse,High,W,FALL,pH,8.114,8.114
Diffuse,High,W,FALL,pH,8.128,8.128
Diffuse,High,W,FALL,pH,8.135,8.135
Diffuse,High,W,FALL,pH,8.142,8.142
Diffuse,High,W,FALL,pH,8.15,8.15
Diffuse,High,W,FALL,pH,8.154,8.154
Diffuse,High,W,FALL,pH,8.194,8.194
Diffuse,High,W,FALL,percent_sgd,0.395348837,0.395348837
Diffuse,High,W,FALL,percent_sgd,0.405684755,0.405684755
Diffuse,High,W,FALL,percent_sgd,0.416020672,0.416020672
Diffuse,High,W,FALL,percent_sgd,0.42118863,0.42118863
Diffuse,High,W,FALL,percent_sgd,0.447028424,0.447028424
Diffuse,High,W,FALL,percent_sgd,0.466408269,0.466408269
Diffuse,High,W,FALL,percent_sgd,0.485788114,0.485788114
Diffuse,High,W,FALL,percent_sgd,0.523255814,0.523255814
Diffuse,High,W,SPRING,NN,0.16,0.16
Diffuse,High,W,SPRING,NN,0.18,0.18
Diffuse,High,W,SPRING,NN,0.19,0.19
Diffuse,High,W,SPRING,NN,0.2,0.2
Diffuse,High,W,SPRING,NN,0.21,0.21
Diffuse,High,W,SPRING,NN,0.22,0.22
Diffuse,High,W,SPRING,Phosphate,0.1,0.1
Diffuse,High,W,SPRING,Phosphate,0.11,0.11
Diffuse,High,W,SPRING,Phosphate,0.12,0.12
Diffuse,High,W,SPRING,Phosphate,0.13,0.13
Diffuse,High,W,SPRING,Salinity,34.52515115,34.52515115
Diffuse,High,W,SPRING,Salinity,34.52603013,34.52603013
Diffuse,High,W,SPRING,Salinity,34.53394097,34.53394097
Diffuse,High,W,SPRING,Salinity,34.54141232,34.54141232
Diffuse,High,W,SPRING,Salinity,34.56426585,34.56426585
Diffuse,High,W,SPRING,Salinity,34.5669028,34.5669028
Diffuse,High,W,SPRING,Salinity,34.57789008,34.57789008
Diffuse,High,W,SPRING,Silicate,2.35,2.35
Diffuse,High,W,SPRING,Silicate,2.6,2.6
Diffuse,High,W,SPRING,Silicate,2.66,2.66
Diffuse,High,W,SPRING,Silicate,3.18,3.18
Diffuse,High,W,SPRING,Silicate,3.35,3.35
Diffuse,High,W,SPRING,Silicate,3.53,3.53
Diffuse,High,W,SPRING,Silicate,3.55,3.55
Diffuse,High,W,SPRING,TA,2241.211157,2241.211157
Diffuse,High,W,SPRING,TA,2245.596857,2245.596857
Diffuse,High,W,SPRING,TA,2259.329722,2259.329722
Diffuse,High,W,SPRING,TA,2265.354907,2265.354907
Diffuse,High,W,SPRING,TA,2270.401798,2270.401798
Diffuse,High,W,SPRING,TA,2273.407056,2273.407056
Diffuse,High,W,SPRING,TA,2283.485901,2283.485901
Diffuse,High,W,SPRING,TA,2288.464523,2288.464523
Diffuse,High,W,SPRING,Temp_in,25.21517828,25.21517828
Diffuse,High,W,SPRING,Temp_in,25.30033536,25.30033536
Diffuse,High,W,SPRING,Temp_in,25.44160305,25.44160305
Diffuse,High,W,SPRING,Temp_in,25.4691375,25.4691375
Diffuse,High,W,SPRING,Temp_in,25.48436687,25.48436687
Diffuse,High,W,SPRING,Temp_in,25.5396418,25.5396418
Diffuse,High,W,SPRING,Temp_in,25.57880871,25.57880871
Diffuse,High,W,SPRING,Temp_in,25.67325055,25.67325055
Diffuse,High,W,SPRING,pH,8.062,8.062
Diffuse,High,W,SPRING,pH,8.075,8.075
Diffuse,High,W,SPRING,pH,8.077,8.077
Diffuse,High,W,SPRING,pH,8.079,8.079
Diffuse,High,W,SPRING,pH,8.086,8.086
Diffuse,High,W,SPRING,pH,8.089,8.089
Diffuse,High,W,SPRING,pH,8.094,8.094
Diffuse,High,W,SPRING,pH,8.096,8.096
Diffuse,High,W,SPRING,percent_sgd,0.303617571,0.303617571
Diffuse,High,W,SPRING,percent_sgd,0.335917313,0.335917313
Diffuse,High,W,SPRING,percent_sgd,0.343669251,0.343669251
Diffuse,High,W,SPRING,percent_sgd,0.410852713,0.410852713
Diffuse,High,W,SPRING,percent_sgd,0.432816537,0.432816537
Diffuse,High,W,SPRING,percent_sgd,0.456072351,0.456072351
Diffuse,High,W,SPRING,percent_sgd,0.458656331,0.458656331
Diffuse,Low,BP,FALL,NN,0.09,0.09
Diffuse,Low,BP,FALL,NN,0.14,0.14
Diffuse,Low,BP,FALL,NN,0.89,0.89
Diffuse,Low,BP,FALL,NN,3.43,3.43
Diffuse,Low,BP,FALL,NN,3.57,3.57
Diffuse,Low,BP,FALL,NN,4.39,4.39
Diffuse,Low,BP,FALL,NN,5.28,5.28
Diffuse,Low,BP,FALL,NN,5.47,5.47
Diffuse,Low,BP,FALL,NN,5.9,5.9
Diffuse,Low,BP,FALL,NN,6.15,6.15
Diffuse,Low,BP,FALL,Phosphate,0.11,0.11
Diffuse,Low,BP,FALL,Phosphate,0.12,0.12
Diffuse,Low,BP,FALL,Phosphate,0.19,0.19
Diffuse,Low,BP,FALL,Phosphate,0.21,0.21
Diffuse,Low,BP,FALL,Phosphate,0.23,0.23
Diffuse,Low,BP,FALL,Phosphate,0.26,0.26
Diffuse,Low,BP,FALL,Phosphate,0.3,0.3
Diffuse,Low,BP,FALL,Phosphate,0.31,0.31
Diffuse,Low,BP,FALL,Phosphate,0.47,0.47
Diffuse,Low,BP,FALL,Salinity,32.82426762,32.82426762
Diffuse,Low,BP,FALL,Salinity,32.83761706,32.83761706
Diffuse,Low,BP,FALL,Salinity,33.47171559,33.47171559
Diffuse,Low,BP,FALL,Salinity,33.64484117,33.64484117
Diffuse,Low,BP,FALL,Salinity,33.75497407,33.75497407
Diffuse,Low,BP,FALL,Salinity,33.95187835,33.95187835
Diffuse,Low,BP,FALL,Salinity,33.9664793,33.9664793
Diffuse,Low,BP,FALL,Salinity,34.10539694,34.10539694
Diffuse,Low,BP,FALL,Salinity,34.63728879,34.63728879
Diffuse,Low,BP,FALL,Salinity,34.63979181,34.63979181
Diffuse,Low,BP,FALL,Silicate,1.85,1.85
Diffuse,Low,BP,FALL,Silicate,1.91,1.91
Diffuse,Low,BP,FALL,Silicate,14.66,14.66
Diffuse,Low,BP,FALL,Silicate,17.99,17.99
Diffuse,Low,BP,FALL,Silicate,18.34,18.34
Diffuse,Low,BP,FALL,Silicate,23.06,23.06
Diffuse,Low,BP,FALL,Silicate,25.7,25.7
Diffuse,Low,BP,FALL,Silicate,29.85,29.85
Diffuse,Low,BP,FALL,Silicate,45.05,45.05
Diffuse,Low,BP,FALL,Silicate,45.37,45.37
Diffuse,Low,BP,FALL,TA,2242.025661,2242.025661
Diffuse,Low,BP,FALL,TA,2243.54534,2243.54534
Diffuse,Low,BP,FALL,TA,2254.674753,2254.674753
Diffuse,Low,BP,FALL,TA,2258.85078,2258.85078
Diffuse,Low,BP,FALL,TA,2264.791301,2264.791301
Diffuse,Low,BP,FALL,TA,2276.121447,2276.121447
Diffuse,Low,BP,FALL,TA,2304.378372,2304.378372
Diffuse,Low,BP,FALL,TA,2307.713267,2307.713267
Diffuse,Low,BP,FALL,TA,2330.784967,2330.784967
Diffuse,Low,BP,FALL,TA,2331.331611,2331.331611
Diffuse,Low,BP,FALL,Temp_in,26.55823033,26.55823033
Diffuse,Low,BP,FALL,Temp_in,26.57201624,26.57201624
Diffuse,Low,BP,FALL,Temp_in,26.79420944,26.79420944
Diffuse,Low,BP,FALL,Temp_in,26.90438398,26.90438398
Diffuse,Low,BP,FALL,Temp_in,27.0354885,27.0354885
Diffuse,Low,BP,FALL,Temp_in,27.05741591,27.05741591
Diffuse,Low,BP,FALL,Temp_in,27.13163491,27.13163491
Diffuse,Low,BP,FALL,Temp_in,27.22778133,27.22778133
Diffuse,Low,BP,FALL,Temp_in,27.31654507,27.31654507
Diffuse,Low,BP,FALL,Temp_in,27.55117867,27.55117867
Diffuse,Low,BP,FALL,pH,7.973,7.973
Diffuse,Low,BP,FALL,pH,7.985,7.985
Diffuse,Low,BP,FALL,pH,7.993,7.993
Diffuse,Low,BP,FALL,pH,8.057,8.057
Diffuse,Low,BP,FALL,pH,8.062,8.062
Diffuse,Low,BP,FALL,pH,8.064,8.064
Diffuse,Low,BP,FALL,pH,8.073,8.073
Diffuse,Low,BP,FALL,pH,8.075,8.075
Diffuse,Low,BP,FALL,pH,8.089,8.089
Diffuse,Low,BP,FALL,percent_sgd,0.232997481,0.232997481
Diffuse,Low,BP,FALL,percent_sgd,0.240554156,0.240554156
Diffuse,Low,BP,FALL,percent_sgd,1.846347607,1.846347607
Diffuse,Low,BP,FALL,percent_sgd,2.265743073,2.265743073
Diffuse,Low,BP,FALL,percent_sgd,2.309823678,2.309823678
Diffuse,Low,BP,FALL,percent_sgd,2.904282116,2.904282116
Diffuse,Low,BP,FALL,percent_sgd,3.236775819,3.236775819
Diffuse,Low,BP,FALL,percent_sgd,3.759445844,3.759445844
Diffuse,Low,BP,FALL,percent_sgd,5.673803526,5.673803526
Diffuse,Low,BP,FALL,percent_sgd,5.714105793,5.714105793
Diffuse,Low,BP,SPRING,NN,0.39,0.39
Diffuse,Low,BP,SPRING,NN,0.64,0.64
Diffuse,Low,BP,SPRING,NN,0.65,0.65
Diffuse,Low,BP,SPRING,NN,3.9,3.9
Diffuse,Low,BP,SPRING,NN,9.01,9.01
Diffuse,Low,BP,SPRING,Phosphate,0.12,0.12
Diffuse,Low,BP,SPRING,Phosphate,0.13,0.13
Diffuse,Low,BP,SPRING,Phosphate,0.15,0.15
Diffuse,Low,BP,SPRING,Phosphate,0.18,0.18
Diffuse,Low,BP,SPRING,Phosphate,0.34,0.34
Diffuse,Low,BP,SPRING,Salinity,32.88767747,32.88767747
Diffuse,Low,BP,SPRING,Salinity,33.68196931,33.68196931
Diffuse,Low,BP,SPRING,Salinity,33.80420014,33.80420014
Diffuse,Low,BP,SPRING,Salinity,34.27685384,34.27685384
Diffuse,Low,BP,SPRING,Salinity,34.39533014,34.39533014
Diffuse,Low,BP,SPRING,Silicate,7.71,7.71
Diffuse,Low,BP,SPRING,Silicate,10.55,10.55
Diffuse,Low,BP,SPRING,Silicate,21.88,21.88
Diffuse,Low,BP,SPRING,Silicate,24.81,24.81
Diffuse,Low,BP,SPRING,Silicate,43.85,43.85
Diffuse,Low,BP,SPRING,TA,2236.163316,2236.163316
Diffuse,Low,BP,SPRING,TA,2236.573255,2236.573255
Diffuse,Low,BP,SPRING,TA,2316.328969,2316.328969
Diffuse,Low,BP,SPRING,TA,2326.434209,2326.434209
Diffuse,Low,BP,SPRING,TA,2355.743146,2355.743146
Diffuse,Low,BP,SPRING,Temp_in,23.6051587,23.6051587
Diffuse,Low,BP,SPRING,Temp_in,24.40795864,24.40795864
Diffuse,Low,BP,SPRING,Temp_in,24.54774649,24.54774649
Diffuse,Low,BP,SPRING,Temp_in,24.62121492,24.62121492
Diffuse,Low,BP,SPRING,Temp_in,24.71548058,24.71548058
Diffuse,Low,BP,SPRING,pH,8.026,8.026
Diffuse,Low,BP,SPRING,pH,8.081,8.081
Diffuse,Low,BP,SPRING,pH,8.116,8.116
Diffuse,Low,BP,SPRING,pH,8.123,8.123
Diffuse,Low,BP,SPRING,pH,8.147,8.147
Diffuse,Low,BP,SPRING,percent_sgd,0.971032746,0.971032746
Diffuse,Low,BP,SPRING,percent_sgd,1.328715365,1.328715365
Diffuse,Low,BP,SPRING,percent_sgd,2.755667506,2.755667506
Diffuse,Low,BP,SPRING,percent_sgd,3.124685139,3.124685139
Diffuse,Low,BP,SPRING,percent_sgd,5.522670025,5.522670025
Diffuse,Low,W,FALL,NN,0.14,0.14
Diffuse,Low,W,FALL,NN,0.17,0.17
Diffuse,Low,W,FALL,NN,0.18,0.18
Diffuse,Low,W,FALL,NN,0.21,0.21
Diffuse,Low,W,FALL,NN,0.25,0.25
Diffuse,Low,W,FALL,NN,0.29,0.29
Diffuse,Low,W,FALL,NN,1.33,1.33
Diffuse,Low,W,FALL,Phosphate,0.04,0.04
Diffuse,Low,W,FALL,Phosphate,0.05,0.05
Diffuse,Low,W,FALL,Phosphate,0.06,0.06
Diffuse,Low,W,FALL,Phosphate,0.07,0.07
Diffuse,Low,W,FALL,Phosphate,0.09,0.09
Diffuse,Low,W,FALL,Phosphate,0.1,0.1
Diffuse,Low,W,FALL,Phosphate,0.19,0.19
Diffuse,Low,W,FALL,Salinity,32.71840333,32.71840333
Diffuse,Low,W,FALL,Salinity,34.21926536,34.21926536
Diffuse,Low,W,FALL,Salinity,34.49526575,34.49526575
Diffuse,Low,W,FALL,Salinity,34.49746321,34.49746321
Diffuse,Low,W,FALL,Salinity,34.50361608,34.50361608
Diffuse,Low,W,FALL,Salinity,34.54976265,34.54976265
Diffuse,Low,W,FALL,Salinity,34.57569262,34.57569262
Diffuse,Low,W,FALL,Salinity,34.57832957,34.57832957
Diffuse,Low,W,FALL,Silicate,2.34,2.34
Diffuse,Low,W,FALL,Silicate,2.4,2.4
Diffuse,Low,W,FALL,Silicate,2.99,2.99
Diffuse,Low,W,FALL,Silicate,4.04,4.04
Diffuse,Low,W,FALL,Silicate,4.18,4.18
Diffuse,Low,W,FALL,Silicate,4.23,4.23
Diffuse,Low,W,FALL,Silicate,10.51,10.51
Diffuse,Low,W,FALL,Silicate,44.66,44.66
Diffuse,Low,W,FALL,TA,2212.273427,2212.273427
Diffuse,Low,W,FALL,TA,2239.283896,2239.283896
Diffuse,Low,W,FALL,TA,2240.889093,2240.889093
Diffuse,Low,W,FALL,TA,2242.012856,2242.012856
Diffuse,Low,W,FALL,TA,2244.687113,2244.687113
Diffuse,Low,W,FALL,TA,2247.179605,2247.179605
Diffuse,Low,W,FALL,TA,2254.849699,2254.849699
Diffuse,Low,W,FALL,TA,2256.437492,2256.437492
Diffuse,Low,W,FALL,Temp_in,25.21517828,25.21517828
Diffuse,Low,W,FALL,Temp_in,25.76804737,25.76804737
Diffuse,Low,W,FALL,Temp_in,25.82009286,25.82009286
Diffuse,Low,W,FALL,Temp_in,25.83356331,25.83356331
Diffuse,Low,W,FALL,Temp_in,25.89532258,25.89532258
Diffuse,Low,W,FALL,Temp_in,25.95708185,25.95708185
Diffuse,Low,W,FALL,Temp_in,26.08314479,26.08314479
Diffuse,Low,W,FALL,Temp_in,26.78995211,26.78995211
Diffuse,Low,W,FALL,pH,8.03,8.03
Diffuse,Low,W,FALL,pH,8.042,8.042
Diffuse,Low,W,FALL,pH,8.048,8.048
Diffuse,Low,W,FALL,pH,8.072,8.072
Diffuse,Low,W,FALL,pH,8.077,8.077
Diffuse,Low,W,FALL,pH,8.083,8.083
Diffuse,Low,W,FALL,pH,8.088,8.088
Diffuse,Low,W,FALL,pH,8.109,8.109
Diffuse,Low,W,FALL,percent_sgd,0.302325581,0.302325581
Diffuse,Low,W,FALL,percent_sgd,0.310077519,0.310077519
Diffuse,Low,W,FALL,percent_sgd,0.38630491,0.38630491
Diffuse,Low,W,FALL,percent_sgd,0.521963824,0.521963824
Diffuse,Low,W,FALL,percent_sgd,0.54005168,0.54005168
Diffuse,Low,W,FALL,percent_sgd,0.546511628,0.546511628
Diffuse,Low,W,FALL,percent_sgd,1.357881137,1.357881137
Diffuse,Low,W,FALL,percent_sgd,5.77002584,5.77002584
Diffuse,Low,W,SPRING,NN,0.25,0.25
Diffuse,Low,W,SPRING,NN,0.26,0.26
Diffuse,Low,W,SPRING,NN,0.34,0.34
Diffuse,Low,W,SPRING,NN,0.36,0.36
Diffuse,Low,W,SPRING,NN,0.46,0.46
Diffuse,Low,W,SPRING,NN,1.59,1.59
Diffuse,Low,W,SPRING,NN,1.91,1.91
Diffuse,Low,W,SPRING,NN,7.45,7.45
Diffuse,Low,W,SPRING,Phosphate,0.11,0.11
Diffuse,Low,W,SPRING,Phosphate,0.13,0.13
Diffuse,Low,W,SPRING,Phosphate,0.15,0.15
Diffuse,Low,W,SPRING,Phosphate,0.23,0.23
Diffuse,Low,W,SPRING,Phosphate,0.28,0.28
Diffuse,Low,W,SPRING,Phosphate,0.5,0.5
Diffuse,Low,W,SPRING,Salinity,29.12292683,29.12292683
Diffuse,Low,W,SPRING,Salinity,32.20639623,32.20639623
Diffuse,Low,W,SPRING,Salinity,32.66478542,32.66478542
Diffuse,Low,W,SPRING,Salinity,33.66594609,33.66594609
Diffuse,Low,W,SPRING,Salinity,34.00567269,34.00567269
Diffuse,Low,W,SPRING,Salinity,34.0201759,34.0201759
Diffuse,Low,W,SPRING,Salinity,34.2073991,34.2073991
Diffuse,Low,W,SPRING,Salinity,34.34759675,34.34759675
Diffuse,Low,W,SPRING,Silicate,7.59,7.59
Diffuse,Low,W,SPRING,Silicate,10.78,10.78
Diffuse,Low,W,SPRING,Silicate,15.04,15.04
Diffuse,Low,W,SPRING,Silicate,15.37,15.37
Diffuse,Low,W,SPRING,Silicate,23.1,23.1
Diffuse,Low,W,SPRING,Silicate,45.88,45.88
Diffuse,Low,W,SPRING,Silicate,56.31,56.31
Diffuse,Low,W,SPRING,Silicate,126.47,126.47
Diffuse,Low,W,SPRING,TA,2151.825559,2151.825559
Diffuse,Low,W,SPRING,TA,2189.458388,2189.458388
Diffuse,Low,W,SPRING,TA,2212.963581,2212.963581
Diffuse,Low,W,SPRING,TA,2216.7581,2216.7581
Diffuse,Low,W,SPRING,TA,2220.335875,2220.335875
Diffuse,Low,W,SPRING,TA,2240.714341,2240.714341
Diffuse,Low,W,SPRING,TA,2266.862576,2266.862576
Diffuse,Low,W,SPRING,TA,2295.977644,2295.977644
Diffuse,Low,W,SPRING,Temp_in,23.26102354,23.26102354
Diffuse,Low,W,SPRING,Temp_in,23.72550249,23.72550249
Diffuse,Low,W,SPRING,Temp_in,23.87418146,23.87418146
Diffuse,Low,W,SPRING,Temp_in,23.8898623,23.8898623
Diffuse,Low,W,SPRING,Temp_in,23.97824596,23.97824596
Diffuse,Low,W,SPRING,Temp_in,24.00516582,24.00516582
Diffuse,Low,W,SPRING,Temp_in,24.08231046,24.08231046
Diffuse,Low,W,SPRING,Temp_in,24.61700769,24.61700769
Diffuse,Low,W,SPRING,pH,7.924,7.924
Diffuse,Low,W,SPRING,pH,7.953,7.953
Diffuse,Low,W,SPRING,pH,7.959,7.959
Diffuse,Low,W,SPRING,pH,7.972,7.972
Diffuse,Low,W,SPRING,pH,7.978,7.978
Diffuse,Low,W,SPRING,pH,8.003,8.003
Diffuse,Low,W,SPRING,pH,8.005,8.005
Diffuse,Low,W,SPRING,pH,8.019,8.019
Diffuse,Low,W,SPRING,percent_sgd,0.980620155,0.980620155
Diffuse,Low,W,SPRING,percent_sgd,1.392764858,1.392764858
Diffuse,Low,W,SPRING,percent_sgd,1.943152455,1.943152455
Diffuse,Low,W,SPRING,percent_sgd,1.985788114,1.985788114
Diffuse,Low,W,SPRING,percent_sgd,2.984496124,2.984496124
Diffuse,Low,W,SPRING,percent_sgd,5.927648579,5.927648579
Diffuse,Low,W,SPRING,percent_sgd,7.275193798,7.275193798
Diffuse,Low,W,SPRING,percent_sgd,16.33979328,16.33979328
Offshore,High,W,SPRING,NN,0.09,0.09
Offshore,High,W,SPRING,NN,0.1,0.1
Offshore,High,W,SPRING,Phosphate,0.14,0.14
Offshore,High,W,SPRING,Phosphate,0.18,0.18
Offshore,High,W,SPRING,Salinity,34.61348885,34.61348885
Offshore,High,W,SPRING,Salinity,34.62139969,34.62139969
Offshore,High,W,SPRING,Silicate,1.36,1.36
Offshore,High,W,SPRING,Silicate,1.54,1.54
Offshore,High,W,SPRING,TA,2278.659129,2278.659129
Offshore,High,W,SPRING,TA,2280.792107,2280.792107
Offshore,High,W,SPRING,Temp_in,24.60358254,24.60358254
Offshore,High,W,SPRING,pH,8.03,8.03
Offshore,High,W,SPRING,pH,8.039,8.039
Offshore,High,W,SPRING,percent_sgd,0.175710594,0.175710594
Offshore,High,W,SPRING,percent_sgd,0.198966408,0.198966408
Offshore,Low,W,SPRING,NN,0.13,0.13
Offshore,Low,W,SPRING,NN,0.2,0.2
Offshore,Low,W,SPRING,Phosphate,0.12,0.12
Offshore,Low,W,SPRING,Phosphate,0.21,0.21
Offshore,Low,W,SPRING,Salinity,34.59459074,34.59459074
Offshore,Low,W,SPRING,Salinity,34.60953343,34.60953343
Offshore,Low,W,SPRING,Silicate,1.63,1.63
Offshore,Low,W,SPRING,Silicate,1.97,1.97
Offshore,Low,W,SPRING,TA,2274.315854,2274.315854
Offshore,Low,W,SPRING,TA,2294.499484,2294.499484
Offshore,Low,W,SPRING,Temp_in,24.43115441,24.43115441
Offshore,Low,W,SPRING,pH,7.933,7.933
Offshore,Low,W,SPRING,pH,7.975,7.975
Offshore,Low,W,SPRING,percent_sgd,0.210594315,0.210594315
Offshore,Low,W,SPRING,percent_sgd,0.254521964,0.254521964
Transition,High,BP,FALL,NN,0.18,0.18
Transition,High,BP,FALL,NN,0.27,0.27
Transition,High,BP,FALL,NN,0.37,0.37
Transition,High,BP,FALL,NN,0.48,0.48
Transition,High,BP,FALL,NN,0.63,0.63
Transition,High,BP,FALL,Phosphate,0.11,0.11
Transition,High,BP,FALL,Phosphate,0.12,0.12
Transition,High,BP,FALL,Phosphate,0.13,0.13
Transition,High,BP,FALL,Salinity,34.46916925,34.46916925
Transition,High,BP,FALL,Salinity,34.56845573,34.56845573
Transition,High,BP,FALL,Salinity,34.58430819,34.58430819
Transition,High,BP,FALL,Salinity,34.59849197,34.59849197
Transition,High,BP,FALL,Salinity,34.61142425,34.61142425
Transition,High,BP,FALL,Silicate,2.53,2.53
Transition,High,BP,FALL,Silicate,2.84,2.84
Transition,High,BP,FALL,Silicate,3.18,3.18
Transition,High,BP,FALL,Silicate,3.56,3.56
Transition,High,BP,FALL,Silicate,5.94,5.94
Transition,High,BP,FALL,TA,2232.993566,2232.993566
Transition,High,BP,FALL,TA,2247.418868,2247.418868
Transition,High,BP,FALL,TA,2251.2056470000002,2251.2056470000002
Transition,High,BP,FALL,TA,2253.612321,2253.612321
Transition,High,BP,FALL,TA,2254.218952,2254.218952
Transition,High,BP,FALL,Temp_in,27.80863216,27.80863216
Transition,High,BP,FALL,Temp_in,27.86263556,27.86263556
Transition,High,BP,FALL,Temp_in,27.93680125,27.93680125
Transition,High,BP,FALL,Temp_in,28.34277982,28.34277982
Transition,High,BP,FALL,Temp_in,28.80420676,28.80420676
Transition,High,BP,FALL,pH,8.159,8.159
Transition,High,BP,FALL,pH,8.16,8.16
Transition,High,BP,FALL,pH,8.174,8.174
Transition,High,BP,FALL,pH,8.184,8.184
Transition,High,BP,FALL,pH,8.238,8.238
Transition,High,BP,FALL,percent_sgd,0.318639798,0.318639798
Transition,High,BP,FALL,percent_sgd,0.35768262,0.35768262
Transition,High,BP,FALL,percent_sgd,0.400503778,0.400503778
Transition,High,BP,FALL,percent_sgd,0.44836272,0.44836272
Transition,High,BP,FALL,percent_sgd,0.748110831,0.748110831
Transition,High,BP,SPRING,NN,0.49,0.49
Transition,High,BP,SPRING,NN,0.9,0.9
Transition,High,BP,SPRING,NN,1.08,1.08
Transition,High,BP,SPRING,NN,1.17,1.17
Transition,High,BP,SPRING,NN,1.29,1.29
Transition,High,BP,SPRING,Phosphate,0.15,0.15
Transition,High,BP,SPRING,Phosphate,0.16,0.16
Transition,High,BP,SPRING,Phosphate,0.19,0.19
Transition,High,BP,SPRING,Salinity,34.02488311,34.02488311
Transition,High,BP,SPRING,Salinity,34.02905481,34.02905481
Transition,High,BP,SPRING,Salinity,34.11499185,34.11499185
Transition,High,BP,SPRING,Salinity,34.2593327,34.2593327
Transition,High,BP,SPRING,Salinity,34.44831074,34.44831074
Transition,High,BP,SPRING,Silicate,6.44,6.44
Transition,High,BP,SPRING,Silicate,10.97,10.97
Transition,High,BP,SPRING,Silicate,14.43,14.43
Transition,High,BP,SPRING,Silicate,16.49,16.49
Transition,High,BP,SPRING,Silicate,16.59,16.59
Transition,High,BP,SPRING,TA,2186.695385,2186.695385
Transition,High,BP,SPRING,TA,2219.660067,2219.660067
Transition,High,BP,SPRING,TA,2221.347741,2221.347741
Transition,High,BP,SPRING,TA,2243.563576,2243.563576
Transition,High,BP,SPRING,TA,2257.948452,2257.948452
Transition,High,BP,SPRING,Temp_in,25.95308568,25.95308568
Transition,High,BP,SPRING,Temp_in,26.09657093,26.09657093
Transition,High,BP,SPRING,Temp_in,26.43988305,26.43988305
Transition,High,BP,SPRING,Temp_in,26.59350312,26.59350312
Transition,High,BP,SPRING,Temp_in,26.93809503,26.93809503
Transition,High,BP,SPRING,pH,8.241,8.241
Transition,High,BP,SPRING,pH,8.288,8.288
Transition,High,BP,SPRING,pH,8.306,8.306
Transition,High,BP,SPRING,pH,8.307,8.307
Transition,High,BP,SPRING,pH,8.325,8.325
Transition,High,BP,SPRING,percent_sgd,0.811083123,0.811083123
Transition,High,BP,SPRING,percent_sgd,1.381612091,1.381612091
Transition,High,BP,SPRING,percent_sgd,1.817380353,1.817380353
Transition,High,BP,SPRING,percent_sgd,2.076826196,2.076826196
Transition,High,BP,SPRING,percent_sgd,2.089420655,2.089420655
Transition,High,W,FALL,NN,0.22,0.22
Transition,High,W,FALL,NN,0.23,0.23
Transition,High,W,FALL,NN,0.25,0.25
Transition,High,W,FALL,NN,0.3,0.3
Transition,High,W,FALL,Phosphate,0.08,0.08
Transition,High,W,FALL,Phosphate,0.09,0.09
Transition,High,W,FALL,Phosphate,0.1,0.1
Transition,High,W,FALL,Salinity,34.41527838,34.41527838
Transition,High,W,FALL,Salinity,34.43945039,34.43945039
Transition,High,W,FALL,Salinity,34.4438453,34.4438453
Transition,High,W,FALL,Salinity,34.4882339,34.4882339
Transition,High,W,FALL,Silicate,4.39,4.39
Transition,High,W,FALL,Silicate,5.4,5.4
Transition,High,W,FALL,Silicate,5.5,5.5
Transition,High,W,FALL,Silicate,6.05,6.05
Transition,High,W,FALL,TA,2220.053441,2220.053441
Transition,High,W,FALL,TA,2226.132597,2226.132597
Transition,High,W,FALL,TA,2240.358874,2240.358874
Transition,High,W,FALL,TA,2245.104438,2245.104438
Transition,High,W,FALL,Temp_in,26.89176305,26.89176305
Transition,High,W,FALL,Temp_in,27.12962167,27.12962167
Transition,High,W,FALL,Temp_in,27.19561155,27.19561155
Transition,High,W,FALL,Temp_in,27.88902331,27.88902331
Transition,High,W,FALL,pH,8.078,8.078
Transition,High,W,FALL,pH,8.129,8.129
Transition,High,W,FALL,pH,8.147,8.147
Transition,High,W,FALL,pH,8.173,8.173
Transition,High,W,FALL,percent_sgd,0.567183463,0.567183463
Transition,High,W,FALL,percent_sgd,0.697674419,0.697674419
Transition,High,W,FALL,percent_sgd,0.710594315,0.710594315
Transition,High,W,FALL,percent_sgd,0.781653747,0.781653747
Transition,High,W,SPRING,NN,0.21,0.21
Transition,High,W,SPRING,NN,0.23,0.23
Transition,High,W,SPRING,NN,0.24,0.24
Transition,High,W,SPRING,NN,0.28,0.28
Transition,High,W,SPRING,Phosphate,0.1,0.1
Transition,High,W,SPRING,Phosphate,0.11,0.11
Transition,High,W,SPRING,Phosphate,0.12,0.12
Transition,High,W,SPRING,Salinity,34.42582616,34.42582616
Transition,High,W,SPRING,Salinity,34.48076255,34.48076255
Transition,High,W,SPRING,Salinity,34.48867339,34.48867339
Transition,High,W,SPRING,Salinity,34.49658423,34.49658423
Transition,High,W,SPRING,Silicate,4.2,4.2
Transition,High,W,SPRING,Silicate,4.38,4.38
Transition,High,W,SPRING,Silicate,4.56,4.56
Transition,High,W,SPRING,Silicate,5.81,5.81
Transition,High,W,SPRING,TA,2244.213993,2244.213993
Transition,High,W,SPRING,TA,2264.306252,2264.306252
Transition,High,W,SPRING,TA,2269.134251,2269.134251
Transition,High,W,SPRING,TA,2336.320198,2336.320198
Transition,High,W,SPRING,Temp_in,25.20243729,25.20243729
Transition,High,W,SPRING,Temp_in,25.33238243,25.33238243
Transition,High,W,SPRING,Temp_in,25.39966468,25.39966468
Transition,High,W,SPRING,Temp_in,25.88280725,25.88280725
Transition,High,W,SPRING,pH,8.063,8.063
Transition,High,W,SPRING,pH,8.079,8.079
Transition,High,W,SPRING,pH,8.094,8.094
Transition,High,W,SPRING,pH,8.098,8.098
Transition,High,W,SPRING,percent_sgd,0.542635659,0.542635659
Transition,High,W,SPRING,percent_sgd,0.565891473,0.565891473
Transition,High,W,SPRING,percent_sgd,0.589147287,0.589147287
Transition,High,W,SPRING,percent_sgd,0.750645995,0.750645995
Transition,Low,BP,FALL,NN,1.55,1.55
Transition,Low,BP,FALL,NN,3.87,3.87
Transition,Low,BP,FALL,NN,5.13,5.13
Transition,Low,BP,FALL,NN,5.17,5.17
Transition,Low,BP,FALL,NN,6.82,6.82
Transition,Low,BP,FALL,Phosphate,0.18,0.18
Transition,Low,BP,FALL,Phosphate,0.24,0.24
Transition,Low,BP,FALL,Phosphate,0.26,0.26
Transition,Low,BP,FALL,Phosphate,0.27,0.27
Transition,Low,BP,FALL,Phosphate,0.33,0.33
Transition,Low,BP,FALL,Salinity,32.86348161,32.86348161
Transition,Low,BP,FALL,Salinity,33.41498046,33.41498046
Transition,Low,BP,FALL,Salinity,33.73870444,33.73870444
Transition,Low,BP,FALL,Salinity,33.84424847,33.84424847
Transition,Low,BP,FALL,Salinity,33.99359536,33.99359536
Transition,Low,BP,FALL,Silicate,17.34,17.34
Transition,Low,BP,FALL,Silicate,20.92,20.92
Transition,Low,BP,FALL,Silicate,23.45,23.45
Transition,Low,BP,FALL,Silicate,31.21,31.21
Transition,Low,BP,FALL,Silicate,44.43,44.43
Transition,Low,BP,FALL,TA,2269.68769,2269.68769
Transition,Low,BP,FALL,TA,2275.301599,2275.301599
Transition,Low,BP,FALL,TA,2286.930259,2286.930259
Transition,Low,BP,FALL,TA,2320.817047,2320.817047
Transition,Low,BP,FALL,TA,2332.185876,2332.185876
Transition,Low,BP,FALL,Temp_in,26.66101029,26.66101029
Transition,Low,BP,FALL,Temp_in,26.69573782,26.69573782
Transition,Low,BP,FALL,Temp_in,26.76143858,26.76143858
Transition,Low,BP,FALL,Temp_in,26.86921055,26.86921055
Transition,Low,BP,FALL,Temp_in,27.00614145,27.00614145
Transition,Low,BP,FALL,pH,7.879,7.879
Transition,Low,BP,FALL,pH,7.963,7.963
Transition,Low,BP,FALL,pH,7.967,7.967
Transition,Low,BP,FALL,pH,8.08,8.08
Transition,Low,BP,FALL,pH,8.082,8.082
Transition,Low,BP,FALL,percent_sgd,2.183879093,2.183879093
Transition,Low,BP,FALL,percent_sgd,2.634760705,2.634760705
Transition,Low,BP,FALL,percent_sgd,2.953400504,2.953400504
Transition,Low,BP,FALL,percent_sgd,3.930730479,3.930730479
Transition,Low,BP,FALL,percent_sgd,5.595717884,5.595717884
Transition,Low,BP,SPRING,NN,10.16,10.16
Transition,Low,BP,SPRING,NN,11.56,11.56
Transition,Low,BP,SPRING,NN,25.67,25.67
Transition,Low,BP,SPRING,NN,30.38,30.38
Transition,Low,BP,SPRING,NN,32.39,32.39
Transition,Low,BP,SPRING,Phosphate,0.36,0.36
Transition,Low,BP,SPRING,Phosphate,0.41,0.41
Transition,Low,BP,SPRING,Phosphate,0.77,0.77
Transition,Low,BP,SPRING,Phosphate,0.82,0.82
Transition,Low,BP,SPRING,Phosphate,0.89,0.89
Transition,Low,BP,SPRING,Salinity,29.00382403,29.00382403
Transition,Low,BP,SPRING,Salinity,29.3304682,29.3304682
Transition,Low,BP,SPRING,Salinity,29.98459089,29.98459089
Transition,Low,BP,SPRING,Salinity,31.16685089,31.16685089
Transition,Low,BP,SPRING,Salinity,31.87562286,31.87562286
Transition,Low,BP,SPRING,Silicate,68.11,68.11
Transition,Low,BP,SPRING,Silicate,85.1,85.1
Transition,Low,BP,SPRING,Silicate,113.44,113.44
Transition,Low,BP,SPRING,Silicate,129.12,129.12
Transition,Low,BP,SPRING,Silicate,136.95,136.95
Transition,Low,BP,SPRING,TA,2267.730322,2267.730322
Transition,Low,BP,SPRING,TA,2318.107265,2318.107265
Transition,Low,BP,SPRING,TA,2397.096741,2397.096741
Transition,Low,BP,SPRING,TA,2397.404824,2397.404824
Transition,Low,BP,SPRING,TA,2413.55454,2413.55454
Transition,Low,BP,SPRING,Temp_in,23.99281824,23.99281824
Transition,Low,BP,SPRING,Temp_in,24.13040372,24.13040372
Transition,Low,BP,SPRING,Temp_in,24.26588674,24.26588674
Transition,Low,BP,SPRING,Temp_in,24.35549788,24.35549788
Transition,Low,BP,SPRING,Temp_in,24.36430308,24.36430308
Transition,Low,BP,SPRING,pH,8.027,8.027
Transition,Low,BP,SPRING,pH,8.044,8.044
Transition,Low,BP,SPRING,pH,8.047,8.047
Transition,Low,BP,SPRING,pH,8.064,8.064
Transition,Low,BP,SPRING,pH,8.099,8.099
Transition,Low,BP,SPRING,percent_sgd,8.578085642,8.578085642
Transition,Low,BP,SPRING,percent_sgd,10.71788413,10.71788413
Transition,Low,BP,SPRING,percent_sgd,14.28715365,14.28715365
Transition,Low,BP,SPRING,percent_sgd,16.26196474,16.26196474
Transition,Low,BP,SPRING,percent_sgd,17.24811083,17.24811083
Transition,Low,W,FALL,NN,0.27,0.27
Transition,Low,W,FALL,NN,1.02,1.02
Transition,Low,W,FALL,NN,2.45,2.45
Transition,Low,W,FALL,NN,5.83,5.83
Transition,Low,W,FALL,Phosphate,0.08,0.08
Transition,Low,W,FALL,Phosphate,0.19,0.19
Transition,Low,W,FALL,Phosphate,0.27,0.27
Transition,Low,W,FALL,Phosphate,0.38,0.38
Transition,Low,W,FALL,Salinity,29.68899134,29.68899134
Transition,Low,W,FALL,Salinity,31.27467514,31.27467514
Transition,Low,W,FALL,Salinity,32.33384864,32.33384864
Transition,Low,W,FALL,Salinity,34.25750108,34.25750108
Transition,Low,W,FALL,Silicate,9.64,9.64
Transition,Low,W,FALL,Silicate,53.41,53.41
Transition,Low,W,FALL,Silicate,77.51,77.51
Transition,Low,W,FALL,Silicate,113.59,113.59
Transition,Low,W,FALL,TA,2180.930839,2180.930839
Transition,Low,W,FALL,TA,2199.619975,2199.619975
Transition,Low,W,FALL,TA,2219.095298,2219.095298
Transition,Low,W,FALL,TA,2245.963283,2245.963283
Transition,Low,W,FALL,Temp_in,24.83646091,24.83646091
Transition,Low,W,FALL,Temp_in,25.26714707,25.26714707
Transition,Low,W,FALL,Temp_in,25.46666036,25.46666036
Transition,Low,W,FALL,Temp_in,25.90683954,25.90683954
Transition,Low,W,FALL,pH,8.094,8.094
Transition,Low,W,FALL,pH,8.096,8.096
Transition,Low,W,FALL,pH,8.149,8.149
Transition,Low,W,FALL,pH,8.192,8.192
Transition,Low,W,FALL,percent_sgd,1.245478036,1.245478036
Transition,Low,W,FALL,percent_sgd,6.900516796,6.900516796
Transition,Low,W,FALL,percent_sgd,10.01421189,10.01421189
Transition,Low,W,FALL,percent_sgd,14.67571059,14.67571059
Transition,Low,W,SPRING,NN,0.79,0.79
Transition,Low,W,SPRING,NN,3.37,3.37
Transition,Low,W,SPRING,NN,7.29,7.29
Transition,Low,W,SPRING,NN,7.92,7.92
Transition,Low,W,SPRING,Phosphate,0.25,0.25
Transition,Low,W,SPRING,Phosphate,0.36,0.36
Transition,Low,W,SPRING,Phosphate,0.5,0.5
Transition,Low,W,SPRING,Phosphate,0.54,0.54
Transition,Low,W,SPRING,Salinity,27.7402879,27.7402879
Transition,Low,W,SPRING,Salinity,28.37007862,28.37007862
Transition,Low,W,SPRING,Salinity,30.6119226,30.6119226
Transition,Low,W,SPRING,Salinity,32.82124424,32.82124424
Transition,Low,W,SPRING,Silicate,42.32,42.32
Transition,Low,W,SPRING,Silicate,92.59,92.59
Transition,Low,W,SPRING,Silicate,143.6,143.6
Transition,Low,W,SPRING,Silicate,157.93,157.93
Transition,Low,W,SPRING,TA,2145.827701,2145.827701
Transition,Low,W,SPRING,TA,2161.48229,2161.48229
Transition,Low,W,SPRING,TA,2219.583262,2219.583262
Transition,Low,W,SPRING,TA,2272.39081,2272.39081
Transition,Low,W,SPRING,Temp_in,22.63449814,22.63449814
Transition,Low,W,SPRING,Temp_in,23.53255956,23.53255956
Transition,Low,W,SPRING,Temp_in,23.75505834,23.75505834
Transition,Low,W,SPRING,Temp_in,24.01982367,24.01982367
Transition,Low,W,SPRING,pH,7.909,7.909
Transition,Low,W,SPRING,pH,7.965,7.965
Transition,Low,W,SPRING,pH,7.995,7.995
Transition,Low,W,SPRING,pH,8.023,8.023
Transition,Low,W,SPRING,percent_sgd,5.467700258,5.467700258
Transition,Low,W,SPRING,percent_sgd,11.9625323,11.9625323
Transition,Low,W,SPRING,percent_sgd,18.55297158,18.55297158
Transition,Low,W,SPRING,percent_sgd,20.40439276,20.40439276
